{
    "source_domain": {
        "loss": 0.00266112952715341,
        "accuracy": 0.9999259259259259,
        "precision": 1.0,
        "recall": 0.9996666666666667,
        "f1": 0.9998333055509252,
        "specificity": 1.0,
        "sensitivity": 0.9996666666666667,
        "roc_auc": 0.9999998095238095,
        "pr_auc": 0.9999993345533005
    },
    "target_domain": {
        "loss": 1.2315943431732195,
        "accuracy": 0.8823529411764706,
        "precision": 0.0,
        "recall": 0.0,
        "f1": 0.0,
        "specificity": 1.0,
        "sensitivity": 0.0,
        "roc_auc": 0.3850888888888889,
        "pr_auc": 0.09046608349712808
    },
    "domain_gap": {
        "accuracy_drop": 0.11757298474945532,
        "f1_drop": 0.9998333055509252,
        "recall_drop": 0.9996666666666667,
        "precision_drop": 1.0,
        "sensitivity_drop": 0.9996666666666667,
        "specificity_drop": 0.0,
        "roc_auc_drop": 0.6149109206349206
    }
}