{
  "best_hyperparameters": {
    "learning_rate": 0.001,
    "batch_size": 32,
    "weight_decay": 1e-05,
    "momentum": 0.95,
    "optimizer": "Adam"
  },
  "final_metrics": {
    "accuracy": 0.8921568627450981,
    "precision": 0.5370919881305638,
    "recall": 0.6033333333333334,
    "f1_score": 0.5682888540031397,
    "roc_auc": 0.9128207407407406,
    "val_loss": 0.2487862806226693
  }
}