fid_score,g_lr,d_lr
1276.5242057760167,0.0002,0.0001
1374.4344733356534,0.0001,0.0001
1378.796973920466,0.0003,0.0003
1539.680359724116,0.0002,0.0002
1696.6976225476778,0.0001,0.0002
