fid_score,g_lr,d_lr
1459.9682954679681,0.0002,0.0001
1639.893470860116,0.0002,0.0002
1954.035955352355,0.0001,0.0002
1962.4733191990392,0.0003,0.0003
2292.31205744806,0.0001,0.0001
