{
    "source_domain": {
        "loss": 0.003472282282647706,
        "accuracy": 0.999922480620155,
        "precision": 0.9995835068721366,
        "recall": 1.0,
        "f1": 0.9997917100604041,
        "specificity": 0.9999047619047619,
        "sensitivity": 1.0,
        "roc_auc": 0.9999999206349207,
        "pr_auc": 0.9999996527777476,
        "optimal_threshold": 0.9912819862365723,
        "default_threshold_accuracy": 0.9992248062015504,
        "default_threshold_f1": 0.997920997920998
    },
    "target_domain": {
        "loss": 0.834313846952921,
        "accuracy": 0.3050980392156863,
        "precision": 0.132,
        "recall": 0.88,
        "f1": 0.22956521739130434,
        "specificity": 0.22844444444444445,
        "sensitivity": 0.88,
        "roc_auc": 0.5054044444444444,
        "pr_auc": 0.11860653673417687,
        "optimal_threshold": 0.00038589362520724535,
        "default_threshold_accuracy": 0.8807843137254902,
        "default_threshold_f1": 0.0
    },
    "domain_gap": {
        "accuracy_drop": 0.6948244414044686,
        "f1_drop": 0.7702264926690998,
        "recall_drop": 0.12,
        "precision_drop": 0.8675835068721366,
        "sensitivity_drop": 0.12,
        "specificity_drop": 0.7714603174603174,
        "roc_auc_drop": 0.4945954761904763
    }
}